NodeID,Type,Ability,AvgTrustScore
40,Private,-4.81153,0.00531411
25,Private,-4.68088,0.00744086
26,Private,1.43272,0.970971
27,Government,5.05316,1
28,Private,3.77245,0.992565
29,Government,6.18999,1
30,Private,1.67489,0.981796
31,Private,13.3129,0.99723
32,Private,1.87392,0.986232
33,Private,-1.34932,0.0260183
34,Government,2.52016,0.997747
35,Private,-4.36628,0.00738213
36,Private,-1.67001,0.0309458
37,Private,3.93391,0.997094
38,Government,0.735767,0.959575
39,Private,13.7984,0.996721
24,Private,0.666043,0.837517
292,Private,-1.70183,0.0256796
293,Government,2.91644,1
294,Private,6.37034,0.993628
295,Private,-0.931278,0.0939006
296,Private,5.82073,0.995506
297,Government,1.57639,0.9871
298,Private,-5.53941,0.00500355
299,Government,15.9282,1
362,Private,-6.43897,0.00301474
300,Private,8.9144,0.996994
301,Government,11.8238,1
302,Private,-1.87923,0.0129922
303,Private,-3.5485,0.00524512
304,Government,-0.899934,0.628324
305,Private,5.15624,0.996324
306,Private,3.50755,0.992546
307,Government,14.3657,1
308,Private,10.3406,0.996634
309,Private,-6.70737,0.00398688
310,Private,-2.05578,0.0155836
311,Government,5.27853,1
312,Private,-7.42848,0.00394641
313,Private,-3.19011,0.00683354
314,Government,8.29467,1
268,Private,-10.887,0.00438187
253,Government,3.29478,1
254,Private,-0.946898,0.107202
255,Government,16.8737,1
256,Private,-0.359811,0.334632
257,Private,3.06037,0.989856
258,Private,3.37355,0.995661
260,Private,-2.82891,0.00421157
261,Private,2.53123,0.989293
262,Government,-2.37653,0.520691
263,Government,2.99135,1
264,Private,10.8126,0.995759
265,Private,-7.44347,0.0065845
266,Private,-2.97011,0.00880457
267,Government,1.41681,0.981372
252,Private,-1.81334,0.0135004
65,Private,-2.68483,0.00661944
19,Private,0.821622,0.870039
20,Private,14.03,0.996685
21,Private,-7.68999,0.00344249
22,Private,-2.7127,0.00578001
23,Government,8.10368,1
291,Private,9.86338,0.996588
66,Private,2.10648,0.981871
67,Private,-11.3963,0.00432149
68,Private,-5.01519,0.00320076
69,Private,1.00601,0.904215
70,Government,6.36329,1
71,Government,2.79354,1
72,Government,5.37652,1
73,Government,11.8891,1
74,Government,1.24384,0.981315
75,Government,7.21222,1
76,Private,13.5965,0.996402
77,Private,-5.91444,0.00365825
78,Private,6.09198,0.995706
79,Private,6.28749,0.992425
80,Private,1.29733,0.956624
81,Government,14.7494,1
82,Private,6.32703,0.994312
83,Government,8.5072,1
84,Private,2.70996,0.990481
85,Private,3.11561,0.988692
86,Private,-10.3155,0.00298989
87,Private,6.07301,0.993612
88,Private,-3.86702,0.00628829
89,Private,4.98512,0.994682
90,Government,-0.24491,0.66727
91,Private,-10.1698,0.00347924
92,Government,6.75875,1
93,Private,-12.9942,0.00303193
94,Private,2.46938,0.990924
95,Private,-10.1402,0.0046732
96,Private,-1.11302,0.0573441
97,Private,17.5307,0.996972
98,Private,7.28613,0.995334
99,Government,2.19497,0.998431
100,Private,7.27001,0.996656
101,Private,-1.22879,0.0734124
102,Private,-12.8522,0.00378563
103,Private,-4.94222,0.00331683
104,Private,1.25263,0.943565
105,Private,9.67757,0.995767
106,Private,5.96165,0.995755
107,Private,-6.93104,0.00406994
108,Private,-16.9706,0.00318108
109,Government,2.92658,1
110,Private,1.50345,0.980054
111,Private,-5.26492,0.00906119
259,Private,16.5177,0.997036
113,Government,7.46586,1
114,Private,7.1872,0.993538
115,Private,-3.73166,0.00914266
116,Private,-7.51586,0.00308715
117,Private,-1.81032,0.0125324
118,Private,6.2325,0.995456
119,Private,6.40044,0.996213
120,Private,11.2538,0.996515
121,Private,0.590986,0.835268
122,Private,-7.54469,0.00419996
123,Private,-11.332,0.00330586
124,Government,1.69968,0.990776
125,Government,1.7153,0.999877
126,Government,7.95383,1
415,Private,8.392,0.996908
400,Private,-0.813545,0.159399
401,Private,-19.4379,0.00317583
402,Government,0.143448,0.88129
403,Private,-5.95997,0.00614997
404,Private,-16.3358,0.00311568
405,Private,-4.14261,0.00736538
406,Private,-5.86595,0.00647327
407,Private,8.98812,0.996399
408,Private,-4.95109,0.00926414
409,Government,5.1367,1
410,Private,12.1139,0.997068
411,Private,-1.22042,0.0543603
412,Private,-4.35854,0.00843431
413,Private,9.03102,0.995822
414,Government,1.53946,0.996578
399,Government,-2.04776,0.391155
417,Private,5.75596,0.992125
418,Private,11.7829,0.996879
419,Government,15.6173,1
420,Government,5.79431,1
421,Private,-4.25005,0.00345566
422,Government,-0.664797,0.433845
423,Private,-7.30208,0.00385132
424,Private,0.780601,0.85756
237,Private,1.28945,0.944687
175,Government,1.24276,0.975425
176,Private,-2.88042,0.00438049
177,Private,2.08871,0.9751
178,Government,10.5656,1
179,Government,9.05246,1
180,Private,0.981368,0.9284
181,Government,5.09646,1
182,Government,16.3591,1
183,Private,1.79257,0.971204
184,Private,9.66108,0.997048
185,Private,14.4827,0.996248
186,Private,13.261,0.996725
187,Private,-0.374601,0.297977
188,Government,10.5906,1
189,Private,11.9604,0.996056
143,Private,-1.24073,0.0567659
128,Government,2.32102,1
129,Private,-3.5504,0.00450084
130,Private,-3.97161,0.00436412
131,Private,2.14873,0.981855
132,Private,-0.371709,0.334695
133,Government,5.43602,1
385,Private,0.973202,0.907119
386,Private,-8.59144,0.00388574
387,Private,2.01983,0.981162
388,Private,10.3319,0.996369
389,Private,-9.9649,0.00387927
390,Government,4.72215,1
391,Private,-4.07431,0.00905138
392,Private,-9.0298,0.00516557
377,Private,1.58554,0.954081
440,Government,-0.743965,0.630941
394,Private,-9.48658,0.00309155
395,Private,-9.75191,0.00443254
396,Private,4.60332,0.996585
397,Private,5.06016,0.993601
398,Government,1.62169,0.994657
416,Private,8.37299,0.993752
191,Private,8.13504,0.99709
192,Private,-11.3703,0.00447808
193,Private,10.546,0.997101
194,Private,-0.0134128,0.555332
195,Private,-4.12642,0.00586095
196,Private,-7.25758,0.00357225
197,Private,-2.35407,0.00892068
198,Private,0.104395,0.575332
199,Government,6.31787,1
200,Government,11.2994,1
201,Private,-6.0414,0.00837982
202,Government,9.91799,1
203,Private,-2.34455,0.0105564
204,Private,-6.51977,0.0033747
205,Private,3.61314,0.994679
206,Private,-6.02201,0.00390931
207,Private,13.7654,0.996912
208,Private,-11.5651,0.0032574
209,Private,-1.98215,0.0155576
210,Government,-0.915995,0.512771
211,Government,9.24288,1
212,Private,-5.12453,0.00538687
213,Private,6.17929,0.994364
214,Government,8.89741,1
215,Government,-0.761885,0.571624
216,Private,-9.47743,0.00366033
217,Government,3.54076,1
218,Government,1.36049,0.987803
219,Private,0.711092,0.838979
220,Private,6.81603,0.99312
221,Private,-1.2179,0.0698226
222,Private,-7.27836,0.00462403
223,Government,-0.563896,0.536102
224,Private,2.40944,0.990914
225,Private,11.1855,0.9959
226,Government,0.854339,0.928207
227,Private,-10.997,0.00316274
228,Private,-8.22879,0.00603685
229,Private,-4.36063,0.00378478
230,Private,-1.50062,0.0436816
231,Private,7.09936,0.993934
232,Private,-9.06686,0.00347802
233,Private,6.02321,0.996237
234,Private,1.51285,0.967368
235,Private,-8.99287,0.00407589
236,Private,-15.0671,0.00325945
384,Private,-1.51095,0.0330146
238,Private,0.363006,0.732654
239,Private,2.19948,0.9888
240,Private,-6.0863,0.00360251
241,Private,-13.5809,0.00393814
242,Private,-2.98146,0.00428407
243,Private,1.89676,0.977914
244,Private,-1.58864,0.0361934
245,Private,-8.77892,0.00328962
246,Private,8.00269,0.993556
247,Private,-14.8963,0.00349247
248,Private,4.09746,0.992581
249,Government,4.92059,1
250,Private,1.52717,0.974897
251,Private,3.10089,0.994613
290,Private,-6.90393,0.00513442
275,Government,2.23414,0.998046
276,Government,4.63889,1
277,Private,0.616154,0.787304
278,Private,-7.05611,0.00498653
279,Private,2.59891,0.993999
280,Private,-10.8259,0.00310532
281,Private,12.8342,0.996925
282,Private,8.58466,0.997028
283,Private,-8.77644,0.00321538
284,Government,-0.0778359,0.852281
285,Private,6.80384,0.995325
286,Government,10.3878,1
287,Private,-6.06927,0.00702545
288,Private,-1.57974,0.0240915
289,Private,5.17449,0.992898
274,Government,9.45357,1
42,Private,-5.73963,0.00395863
43,Private,4.88809,0.991539
44,Government,-0.569965,0.749133
45,Government,9.8936,1
46,Government,4.0858,1
47,Private,4.21707,0.989472
48,Private,-15.7595,0.00331381
49,Private,8.0944,0.996284
112,Government,6.99705,1
50,Private,3.3135,0.996939
51,Private,-1.50792,0.0417853
52,Private,-9.42816,0.00309326
53,Private,4.4155,0.997086
54,Private,-4.45052,0.00642571
55,Private,3.04299,0.992849
56,Government,5.57791,1
57,Private,-8.27914,0.00471379
58,Government,8.62733,1
59,Private,0.2091,0.638256
60,Government,-1.64222,0.574345
61,Government,-1.89896,0.495454
62,Private,-0.966571,0.0752415
63,Government,5.657,1
64,Government,11.6225,1
18,Private,-11.5366,0.00385773
3,Government,11.4174,1
4,Government,8.0373,1
5,Private,3.41114,0.989486
6,Private,-0.962013,0.106626
7,Government,-2.56697,0.465735
8,Government,3.16447,1
10,Private,1.27566,0.945382
11,Private,2.51597,0.994858
12,Private,-11.4307,0.00336819
13,Private,-4.49846,0.00948276
14,Private,2.75717,0.994213
15,Private,14.5265,0.996504
16,Private,9.88177,0.99531
17,Private,0.661802,0.792363
2,Government,6.37085,1
315,Private,5.38372,0.994566
269,Private,1.36121,0.930054
270,Private,-10.5386,0.00358124
271,Private,-14.2268,0.0035283
272,Government,2.01459,0.996198
273,Government,-0.816519,0.572928
41,Private,-0.342973,0.344236
316,Government,7.47,1
317,Government,8.25229,1
318,Government,9.49763,1
319,Government,-2.64098,0.422029
320,Private,4.49941,0.996943
321,Private,4.32754,0.993468
322,Private,-11.3338,0.00310685
323,Private,1.77621,0.986607
324,Private,-2.42282,0.0160951
325,Private,-3.18106,0.0110097
326,Private,-4.52466,0.0104568
327,Private,-16.6207,0.00326958
328,Private,1.84188,0.9677
329,Government,-0.303024,0.745223
330,Government,7.21298,1
331,Private,1.94369,0.981874
332,Private,-3.32367,0.00560104
333,Government,10.6298,1
334,Government,1.79719,0.993255
335,Private,3.30923,0.994064
336,Private,-4.6114,0.00993203
337,Government,-2.73431,0.349624
338,Private,-2.75279,0.00766615
339,Private,16.4339,0.996871
340,Private,-16.4962,0.00324963
341,Private,-3.50583,0.00751201
342,Government,-0.944486,0.601995
343,Government,6.64595,1
344,Private,4.25168,0.992905
345,Private,13.2827,0.997008
346,Private,-8.4684,0.00405744
347,Private,3.9857,0.988937
348,Government,7.7729,1
349,Government,-0.204008,0.767467
350,Government,-2.37814,0.360407
351,Government,0.816732,0.902074
352,Government,1.32703,0.978767
353,Government,8.84482,1
354,Private,-9.2753,0.00353514
355,Government,-0.0839412,0.651931
356,Private,-5.7787,0.00817466
357,Private,-7.258,0.00300029
358,Private,-8.46987,0.00454399
359,Private,-10.0947,0.00389625
360,Government,8.30083,1
361,Private,8.56472,0.99415
9,Government,10.0183,1
363,Private,-1.17426,0.0640111
364,Government,8.86722,1
365,Government,4.71594,1
366,Government,7.38139,1
367,Government,7.8679,1
368,Private,-0.999282,0.0960487
369,Private,3.52553,0.996413
370,Private,-2.3006,0.0226783
371,Government,4.00217,1
372,Government,-1.08353,0.50653
373,Private,6.3275,0.995783
374,Government,10.0325,1
375,Government,12.2276,1
376,Private,-7.021,0.00360852
165,Government,7.06092,1
150,Private,-4.50443,0.00586325
151,Private,4.43033,0.996019
152,Government,11.1711,1
153,Private,-0.208102,0.386546
154,Private,5.82945,0.996935
155,Private,5.28156,0.996397
156,Government,1.08376,0.978971
157,Private,-0.166615,0.409468
158,Private,-3.03626,0.00432773
159,Government,7.17971,1
160,Private,-0.456066,0.26956
161,Private,-8.00706,0.00430003
162,Private,11.3333,0.996036
163,Private,4.04042,0.992554
164,Government,-0.31652,0.721257
149,Private,-17.7694,0.00313201
167,Government,0.32879,0.788531
168,Private,-0.111903,0.45762
169,Private,8.42021,0.993961
170,Private,8.2635,0.994754
171,Private,-14.9233,0.00374509
172,Government,-1.62215,0.555253
173,Government,9.33457,1
174,Private,5.69129,0.997066
487,Private,13.2012,0.996702
425,Private,-12.3606,0.00420529
426,Private,-6.26796,0.00392892
427,Private,2.13843,0.9825
428,Private,9.3073,0.994377
429,Government,-2.60795,0.443491
430,Private,17.5063,0.997158
431,Private,5.14434,0.994822
432,Private,-11.1908,0.00455394
433,Government,0.399135,0.903981
434,Private,1.92349,0.990545
435,Private,-9.18787,0.00354583
436,Private,1.49072,0.962478
437,Government,-0.63391,0.556063
438,Private,13.0817,0.996089
439,Government,1.51147,0.990563
393,Private,-0.467367,0.270035
378,Private,0.0497287,0.549443
379,Private,1.00893,0.896844
380,Private,12.2015,0.996618
381,Private,-8.27894,0.00658865
382,Government,6.09254,1
383,Government,-0.550924,0.599405
135,Private,-0.193537,0.403375
136,Private,7.69159,0.993523
137,Private,1.3279,0.956086
138,Government,-3.03613,0.401543
139,Private,7.01725,0.994466
140,Private,-1.3288,0.0430474
141,Government,9.75001,1
142,Private,10.5091,0.997212
127,Private,7.66436,0.994704
190,Private,3.77988,0.989782
144,Government,0.818671,0.951183
145,Private,-8.5413,0.00512166
146,Government,3.41659,1
147,Private,3.73079,0.991441
148,Private,7.67698,0.995842
166,Government,8.42477,1
441,Private,0.329731,0.663803
442,Private,-0.648385,0.141943
443,Private,-4.19196,0.00350863
444,Private,-4.81264,0.00591396
445,Private,-5.02827,0.00513929
446,Government,4.15342,1
447,Government,13.0067,1
448,Private,2.55393,0.989949
449,Government,-1.99267,0.416321
450,Private,3.22467,0.988162
451,Government,9.54231,1
452,Private,4.37447,0.992011
453,Government,2.46586,1
454,Private,-13.3085,0.00340267
455,Private,5.29213,0.995223
456,Private,-5.36646,0.0075072
457,Private,1.89682,0.97533
458,Private,-9.20132,0.00336341
459,Private,-12.2823,0.00344202
460,Private,0.813734,0.878582
461,Private,3.35388,0.996391
462,Private,13.29,0.996076
463,Private,-11.8324,0.00270145
464,Private,-3.69052,0.0137622
465,Government,7.91587,1
466,Private,-5.39431,0.00407104
467,Private,8.05893,0.996013
468,Government,12.8255,1
469,Private,1.70774,0.97538
470,Private,-9.98534,0.00312519
471,Private,-2.87391,0.00584125
472,Private,-2.34914,0.00437019
473,Government,-0.160932,0.660086
474,Government,-1.01141,0.51113
475,Private,-1.39309,0.036573
476,Government,8.80416,1
477,Private,8.07411,0.996296
478,Private,-5.76333,0.00406269
479,Government,7.53496,1
480,Private,0.439301,0.733091
481,Private,-13.898,0.00341936
482,Private,4.66679,0.994811
483,Private,-2.04217,0.0106097
484,Private,3.30271,0.99662
485,Private,13.2643,0.995867
486,Private,2.24079,0.992371
134,Private,-3.08259,0.00330496
488,Private,-2.83866,0.00977433
489,Private,2.58705,0.98922
490,Government,3.15595,1
491,Government,-0.51893,0.683054
492,Government,7.8564,1
493,Private,-9.39985,0.00364438
494,Private,-7.2101,0.00356089
495,Private,-1.77189,0.0137626
496,Government,15.6335,1
497,Government,4.07575,1
498,Private,1.23628,0.960375
499,Government,11.3679,1
500,Private,5.77618,0.994123
501,Private,-3.90734,0.00800676
540,Private,-3.85066,0.00930471
525,Private,4.97932,0.99696
526,Private,-2.67202,0.00653649
527,Private,-9.20538,0.00339549
528,Private,-14.0164,0.0034983
529,Government,2.76949,0.999311
530,Private,3.63896,0.986262
531,Government,14.2715,1
532,Private,2.20334,0.995265
533,Private,5.81507,0.997109
534,Private,-3.20897,0.00535476
535,Private,-3.04146,0.0034509
536,Government,10.7348,1
537,Private,3.51716,0.99247
538,Government,10.7518,1
539,Private,1.42991,0.956391
524,Private,9.68117,0.995549
792,Private,-4.5993,0.0100878
793,Private,-6.99949,0.00555152
794,Government,14.4205,1
795,Government,3.24221,1
796,Private,11.7517,0.996602
797,Private,5.42224,0.995307
798,Private,-3.32122,0.0111574
799,Private,4.90791,0.992321
862,Private,-3.37708,0.00763042
800,Private,-6.86948,0.00610754
801,Private,-6.76326,0.00391083
802,Private,-6.02282,0.00802192
803,Private,-5.66887,0.00813225
804,Private,9.63786,0.996242
805,Private,-3.43366,0.00629863
806,Private,1.41506,0.956858
807,Private,2.31279,0.99461
808,Private,5.57015,0.995505
809,Private,-15.7273,0.00334996
810,Private,1.63874,0.979964
811,Private,-10.7158,0.00366491
812,Government,2.38276,0.996863
813,Government,6.23544,1
814,Private,1.90171,0.988409
768,Private,6.59217,0.993722
753,Private,8.45524,0.995799
754,Private,-6.65738,0.00362947
755,Government,3.59072,1
756,Private,-5.85171,0.00403988
757,Private,-5.56069,0.00423456
758,Private,3.47735,0.990598
760,Private,4.72968,0.994083
761,Private,-3.16822,0.0138942
762,Private,-14.8936,0.00335483
763,Private,3.65655,0.995667
764,Private,3.02076,0.992186
765,Private,-6.01879,0.00431689
766,Government,1.136,0.950107
767,Private,-4.81989,0.00462002
752,Private,8.82071,0.999909
565,Government,9.237,1
519,Private,-0.356852,0.266802
520,Private,-0.0736832,0.48267
521,Private,1.22537,0.941957
522,Private,-14.1212,0.0040892
523,Private,-6.87156,0.00719618
791,Private,3.34304,0.995449
566,Government,9.26507,1
567,Government,3.24636,1
568,Private,0.273706,0.659432
569,Private,14.5679,0.996809
570,Government,-1.42451,0.362844
571,Private,6.8463,0.993117
572,Private,7.57267,0.993861
573,Government,9.9716,1
574,Private,-3.40588,0.00371495
575,Government,10.4006,1
576,Private,11.4633,0.996523
577,Private,3.2718,0.992643
578,Private,2.17393,0.985587
579,Private,0.870745,0.896916
580,Private,-2.9256,0.0059877
581,Government,6.99907,1
582,Private,7.0093,0.99622
583,Private,4.93905,0.994303
584,Government,3.28346,1
585,Private,-6.10816,0.00439529
586,Private,-0.958617,0.10085
587,Private,-7.46905,0.00746091
588,Government,3.85849,1
589,Private,-4.69929,0.00444772
590,Private,1.41119,0.96292
591,Private,-8.47091,0.00543107
592,Government,3.20978,1
593,Private,14.263,0.996906
594,Government,-0.602683,0.74732
595,Private,-2.80343,0.00967684
596,Private,-0.22267,0.405025
597,Private,-0.0767444,0.449856
598,Private,0.966647,0.920422
599,Private,-1.67045,0.0363354
600,Private,4.05057,0.989183
601,Private,-3.6919,0.00728759
602,Private,9.14009,0.995528
603,Government,2.90927,1
604,Private,-11.0787,0.00315428
605,Private,-11.3342,0.00442321
606,Private,-14.3566,0.00389559
607,Government,4.5106,1
608,Private,-4.13182,0.00389333
609,Private,1.73526,0.9862
610,Government,6.16296,1
611,Private,-3.99949,0.012247
759,Private,-9.28509,0.00582224
613,Private,-3.28801,0.00763484
614,Government,9.64761,1
615,Government,13.8781,1
616,Private,0.429052,0.746573
617,Private,-16.4005,0.00312696
618,Private,1.44839,0.949916
619,Private,7.04052,0.994361
620,Private,-17.8759,0.00299682
621,Private,3.0373,0.99433
622,Private,11.1087,0.996548
623,Private,-2.66926,0.00830489
624,Private,-10.1911,0.00366884
625,Private,8.64943,0.994801
626,Private,-7.59428,0.00716696
915,Private,1.76414,0.97257
900,Private,-3.5309,0.0105316
901,Government,-3.04598,0.38513
902,Private,-6.75509,0.00644646
903,Private,1.9848,0.983142
904,Government,8.24578,1
905,Private,0.770599,0.868064
906,Private,-12.8154,0.0032632
907,Private,-12.8068,0.00341406
908,Private,6.31388,0.993309
909,Private,-12.5698,0.00372113
910,Private,-6.37315,0.00627582
911,Private,0.576284,0.820722
912,Private,8.43903,0.994658
913,Private,4.05694,0.995234
914,Private,9.4883,0.995648
899,Private,1.59857,0.975199
917,Government,4.23304,1
918,Government,-0.416028,0.772381
919,Private,3.39115,0.996492
920,Private,0.351735,0.616731
921,Government,8.2083,1
922,Private,1.28629,0.974391
923,Government,5.7227,1
924,Private,-1.30984,0.0507693
737,Government,-0.0649752,0.81937
675,Private,-7.02319,0.00472207
676,Government,-1.28028,0.552173
677,Private,6.19021,0.995096
678,Government,-2.70655,0.408462
679,Government,-1.77538,0.493151
680,Private,-8.31612,0.00577049
681,Government,1.26572,0.976442
682,Private,-8.20064,0.00486476
683,Private,9.30621,0.99587
684,Private,4.34555,0.997005
685,Private,14.9549,0.996825
686,Private,-0.341722,0.34649
687,Government,1.57225,0.993947
688,Private,-6.39783,0.00395176
689,Private,-1.82588,0.0130556
643,Government,4.94879,1
628,Private,7.20408,0.995837
629,Private,4.70981,0.996415
630,Government,-1.01409,0.484248
631,Private,4.35169,0.994093
632,Private,-4.28091,0.0071009
633,Private,-1.80278,0.0214832
885,Private,-10.4002,0.00472373
886,Private,12.8281,0.997051
887,Private,0.345356,0.690335
888,Private,6.75381,0.995963
889,Private,7.06855,0.995081
890,Government,6.09261,1
891,Private,0.3732,0.698206
892,Private,-1.30156,0.0405428
877,Private,0.764816,0.876603
940,Government,-1.8579,0.37362
894,Private,-9.83725,0.00557275
895,Private,0.0484005,0.557324
896,Government,2.37214,1
897,Private,-15.8947,0.00342049
898,Private,4.48327,0.993288
916,Government,8.65408,1
691,Private,-7.50808,0.0051178
692,Private,-2.26369,0.0116046
693,Private,6.01699,0.996553
694,Private,-13.341,0.00414888
695,Government,-1.04899,0.483119
696,Private,-3.82035,0.00629136
697,Private,-5.29716,0.00775219
698,Government,-1.53817,0.409671
699,Government,0.582929,0.902385
700,Private,6.03338,0.995748
701,Private,-6.5934,0.00759765
702,Private,-1.28557,0.0477551
703,Private,9.02819,0.996629
704,Private,-6.99869,0.00533678
705,Private,-0.625813,0.215351
706,Government,3.27235,1
707,Government,-0.830482,0.67966
708,Private,0.476629,0.739559
709,Government,0.847448,0.953099
710,Private,-11.5878,0.00302479
711,Private,1.14589,0.928172
712,Private,-2.96998,0.00349947
713,Private,15.7045,0.996281
714,Private,9.84807,0.995991
715,Private,-2.35988,0.0045347
716,Private,2.6409,0.996299
717,Private,-3.61937,0.00466986
718,Private,1.80697,0.988226
719,Private,-1.45497,0.0362965
720,Private,11.7363,0.996871
721,Private,5.35256,0.994455
722,Private,-1.98261,0.0189906
723,Private,-0.0160118,0.480037
724,Government,19.1861,1
725,Private,4.55475,0.992901
726,Government,-1.61797,0.411778
727,Private,15.7042,0.996509
728,Private,0.258697,0.614802
729,Private,2.6419,0.995071
730,Private,1.82796,0.990239
731,Government,-0.520281,0.505844
732,Private,6.06238,0.994809
733,Private,7.93531,0.993527
734,Government,3.64128,1
735,Private,-2.20675,0.0114624
736,Private,14.2781,0.996827
884,Private,-5.59658,0.00880102
738,Government,16.3089,1
739,Private,8.89102,0.996288
740,Private,-10.8788,0.00329447
741,Private,-0.845848,0.115855
742,Private,-10.8013,0.0050727
743,Government,0.522672,0.911992
744,Private,-9.22839,0.00403994
745,Private,3.06723,0.993111
746,Private,0.865627,0.847708
747,Private,-6.18877,0.00723193
748,Government,7.49044,1
749,Private,16.8765,0.996962
750,Government,8.28751,1
751,Private,-8.09405,0.00446147
790,Private,6.03588,0.99156
775,Government,-2.07544,0.480582
776,Government,-0.0870146,0.711672
777,Private,3.46441,0.987154
778,Government,-0.41688,0.563443
779,Private,-10.7078,0.00336358
780,Private,-2.22313,0.0197718
781,Private,-5.10461,0.0100734
782,Private,-4.47399,0.00591602
783,Private,-7.65656,0.00404809
784,Private,2.72236,0.984856
785,Private,5.99793,0.992978
786,Private,-2.87836,0.0126224
787,Private,3.62339,0.986725
788,Government,-0.593241,0.703132
789,Private,-8.25651,0.00708081
774,Private,-2.05371,0.00777793
542,Private,-4.04746,0.00985078
543,Private,-0.65104,0.169556
544,Private,4.92751,0.996198
545,Private,-5.20573,0.00358958
546,Government,0.278296,0.879024
547,Government,3.90147,1
548,Government,6.55821,1
549,Government,-0.132069,0.656433
612,Private,1.67844,0.96862
550,Private,-0.541228,0.221707
551,Private,-2.89608,0.00584794
552,Government,5.8107,1
553,Government,9.34285,1
554,Private,3.18122,0.994828
555,Private,-4.13598,0.00806674
556,Private,-10.8445,0.00341141
557,Private,9.68072,0.995913
558,Private,1.8409,0.983862
559,Government,-2.45674,0.45378
560,Government,-1.79595,0.432711
561,Private,7.66003,0.994514
562,Private,-1.7184,0.0278019
563,Private,2.84275,0.99551
564,Government,10.2979,1
518,Private,12.7884,0.99678
503,Government,5.65713,1
504,Government,8.09429,1
505,Government,12.1065,1
506,Private,-2.54986,0.0114263
507,Government,-0.761076,0.507968
508,Private,-4.56823,0.00705829
510,Government,5.00781,1
511,Government,8.85401,1
512,Private,16.2451,0.996481
513,Government,3.03736,1
514,Private,3.39257,0.996776
515,Private,5.31376,0.992519
516,Private,-6.08704,0.0048276
517,Government,5.45056,1
502,Private,-6.84071,0.00621544
815,Government,18.5829,1
769,Government,3.4269,1
770,Government,1.12505,0.975243
771,Private,-5.51807,0.0075906
772,Government,15.9326,1
773,Private,16.5536,0.996887
541,Private,4.92274,0.991597
816,Private,2.42291,0.99625
817,Government,2.90177,0.998086
818,Private,17.3057,0.99669
819,Private,-5.03661,0.00555029
820,Government,4.55139,1
821,Government,11.4972,1
822,Government,0.380748,0.896147
823,Private,-2.01268,0.0113553
824,Government,3.55704,1
825,Private,2.47375,0.989637
826,Private,3.05175,0.991121
827,Private,0.445589,0.744582
828,Private,-11.8556,0.00322477
829,Private,-0.408819,0.275248
830,Government,13.5507,1
831,Private,-9.92581,0.00436501
832,Government,4.80619,1
833,Private,11.0123,0.997211
834,Government,8.16811,1
835,Private,-14.4163,0.00325006
836,Government,5.66155,1
837,Private,18.799,0.996831
838,Private,0.609422,0.812474
839,Private,5.79679,0.995262
840,Government,11.833,1
841,Government,2.23285,0.998949
842,Government,0.880107,0.978021
843,Private,10.3978,0.996996
844,Private,2.93548,0.98241
845,Private,6.22918,0.990963
846,Private,9.95086,0.996268
847,Government,1.75632,0.992253
848,Private,5.07369,0.990831
849,Private,2.63851,0.996362
850,Private,2.2762,0.994679
851,Government,1.89916,0.991646
852,Government,9.97663,1
853,Private,-5.36484,0.00380525
854,Private,7.32006,0.995545
855,Private,-5.86885,0.0049597
856,Private,2.51185,0.992526
857,Private,3.40719,0.996391
858,Private,-1.95424,0.0140657
859,Government,0.326522,0.9019
860,Private,-3.05921,0.00837716
861,Private,-2.48274,0.0087608
509,Private,3.02408,0.989684
863,Private,-5.59229,0.00823356
864,Government,4.6669,1
865,Private,6.63752,0.992841
866,Government,11.4808,1
867,Private,12.8984,0.995628
868,Private,-5.36661,0.00403292
869,Private,2.88335,0.993112
870,Private,-0.610784,0.213943
871,Private,7.0831,0.994442
872,Government,11.7071,1
873,Private,-2.08501,0.00770872
874,Private,11.1717,0.996549
875,Private,-13.6829,0.00318476
876,Government,-1.98509,0.444928
665,Private,-2.26958,0.00812234
650,Government,10.8104,1
651,Private,-5.31726,0.00941382
652,Private,-6.46326,0.00465167
653,Government,-1.02255,0.517988
654,Government,2.78153,1
655,Private,0.558638,0.778279
656,Private,2.98319,0.995635
657,Government,8.7607,1
658,Private,12.4585,0.996631
659,Government,4.22124,1
660,Private,6.75275,0.996066
661,Private,-2.75775,0.0149793
662,Government,-1.01612,0.417215
663,Private,-5.72237,0.00333045
664,Private,0.201382,0.612561
649,Government,1.53578,0.98158
667,Government,3.1666,1
668,Government,11.3138,1
669,Government,4.65814,1
670,Private,-0.908437,0.149414
671,Government,2.57477,0.998188
672,Government,6.56927,1
673,Private,-2.33293,0.00453541
674,Government,0.475673,0.920444
987,Private,-0.604111,0.205095
925,Private,-0.701577,0.164486
926,Government,7.54366,1
927,Government,2.93774,1
928,Private,-4.2288,0.00730017
929,Government,-1.67366,0.452061
930,Private,-2.73428,0.00798164
931,Private,15.5843,0.99633
932,Private,3.81224,0.989807
933,Private,-7.40361,0.00741763
934,Government,12.7739,1
935,Private,-2.60274,0.00997093
936,Private,-4.6694,0.0104063
937,Private,-10.5327,0.00312177
938,Government,18.6464,1
939,Government,2.76091,0.999876
893,Government,5.56797,1
878,Private,4.09747,0.995575
879,Government,-0.286483,0.843577
880,Private,15.2781,0.996926
881,Private,2.00335,0.971717
882,Private,2.02439,0.98741
883,Private,-2.33232,0.00503274
635,Private,2.60012,0.99037
636,Private,18.5313,0.996993
637,Private,5.94397,0.996476
638,Private,-6.54089,0.00440588
639,Government,0.594858,0.935477
640,Private,0.696015,0.855287
641,Private,3.76039,0.988392
642,Private,-2.55586,0.0051673
627,Government,9.87041,1
690,Private,12.2311,0.996837
644,Private,-1.43171,0.0472531
645,Government,-0.372527,0.727802
646,Private,-0.386491,0.302396
647,Private,-3.17376,0.00347745
648,Government,15.8507,1
666,Government,2.34473,0.998353
941,Private,-8.35473,0.0038926
942,Government,0.782782,0.958705
943,Private,-5.41531,0.00679421
944,Private,-12.0888,0.00402355
945,Private,0.201149,0.63309
946,Government,1.03654,0.9831
947,Private,-4.93722,0.00307685
948,Government,11.9199,1
949,Private,-2.47268,0.00627608
950,Private,-12.8451,0.00377447
951,Government,-1.05916,0.507544
952,Private,-7.74238,0.00544092
953,Private,-3.81649,0.0131278
954,Government,6.90878,1
955,Private,1.31856,0.95233
956,Private,-10.6026,0.00349297
957,Private,2.41685,0.991218
958,Private,-0.138614,0.428781
959,Government,4.94487,1
960,Private,5.92866,0.996558
961,Government,1.80169,0.996146
962,Government,4.10946,1
963,Private,5.13262,0.994517
964,Private,2.58251,0.993182
965,Private,-1.65172,0.0161714
966,Private,5.20574,0.99662
967,Private,6.10304,0.994555
968,Government,9.98808,1
969,Private,1.6804,0.965629
970,Private,2.49921,0.996194
971,Government,3.76334,1
972,Private,3.72991,0.987902
973,Government,12.2752,1
974,Private,3.74118,0.996557
975,Government,2.84562,1
976,Government,4.53066,1
977,Private,13.152,0.996306
978,Private,4.19733,0.994784
979,Private,2.34535,0.990611
980,Private,-9.86365,0.00441327
981,Government,12.3295,1
982,Private,-8.68226,0.00325912
983,Private,1.73516,0.976561
984,Private,2.51661,0.995332
985,Private,-2.31617,0.013094
986,Private,0.15278,0.645085
634,Government,11.391,1
988,Private,3.96432,0.995842
989,Private,1.14201,0.940724
990,Private,-13.9206,0.00299271
991,Private,-1.04756,0.0879195
992,Government,13.9135,1
993,Government,6.45737,1
994,Government,2.173,0.997666
995,Government,6.51189,1
996,Government,11.1344,1
997,Private,-9.03448,0.00523592
998,Private,8.95453,0.997044
999,Private,3.05597,0.994376
1000,Private,-15.1449,0.00392997
1001,Government,-0.173387,0.765736
